{
  "benchmark": "vllm_sharegpt_replay",
  "dataset": "anon8231489123/ShareGPT_Vicuna_unfiltered",
  "model": "Qwen/Qwen2.5-3B",
  "config": {
    "n_conversations": 500,
    "min_turns": 3,
    "max_turns": 8,
    "max_new_tokens": 128,
    "prefix_caching": true,
    "gpu_memory_utilization": 0.9
  },
  "metrics": {
    "n_conversations": 500,
    "n_turns_total": 2521,
    "overall": {
      "ttft_p50": 32.22092101350427,
      "ttft_p90": 54.49825699906796,
      "ttft_p99": 121.49423037190014,
      "cold_ttft_p50": 30.515424004988745,
      "warm_ttft_p50": 32.45930897537619,
      "warm_vs_cold_speedup": 1.0127416866562895,
      "avg_cache_hit_ratio": 0.0,
      "avg_cached_tokens": 0.0,
      "avg_prompt_tokens": 418.18008726695757,
      "throughput_rps": 0.32
    },
    "by_turn": {
      "0": {
        "n": 500,
        "avg_ttft_ms": 38.961481086094864,
        "p50_ttft_ms": 30.515424004988745,
        "p90_ttft_ms": 54.635674896417186,
        "avg_cache_hit_ratio": 0.0,
        "avg_cached_tokens": 0.0,
        "avg_history_tokens": 59.768
      },
      "1": {
        "n": 500,
        "avg_ttft_ms": 40.96890924696345,
        "p50_ttft_ms": 31.462794548133388,
        "p90_ttft_ms": 54.75253282347694,
        "avg_cache_hit_ratio": 0.0,
        "avg_cached_tokens": 0.0,
        "avg_history_tokens": 210.938
      },
      "2": {
        "n": 500,
        "avg_ttft_ms": 37.51547597430181,
        "p50_ttft_ms": 31.77411199430935,
        "p90_ttft_ms": 54.35308127780445,
        "avg_cache_hit_ratio": 0.0,
        "avg_cached_tokens": 0.0,
        "avg_history_tokens": 369.686
      },
      "3": {
        "n": 383,
        "avg_ttft_ms": 37.58719246700776,
        "p50_ttft_ms": 32.24390698596835,
        "p90_ttft_ms": 54.16918920818716,
        "avg_cache_hit_ratio": 0.0,
        "avg_cached_tokens": 0.0,
        "avg_history_tokens": 532.6396866840731
      },
      "4": {
        "n": 261,
        "avg_ttft_ms": 37.42985038704085,
        "p50_ttft_ms": 32.76268398622051,
        "p90_ttft_ms": 54.32957998709753,
        "avg_cache_hit_ratio": 0.0,
        "avg_cached_tokens": 0.0,
        "avg_history_tokens": 679.4559386973181
      },
      "5": {
        "n": 171,
        "avg_ttft_ms": 37.154440514808684,
        "p50_ttft_ms": 33.27458997955546,
        "p90_ttft_ms": 54.2188539984636,
        "avg_cache_hit_ratio": 0.0,
        "avg_cached_tokens": 0.0,
        "avg_history_tokens": 816.953216374269
      },
      "6": {
        "n": 126,
        "avg_ttft_ms": 38.12056728675666,
        "p50_ttft_ms": 33.82412699284032,
        "p90_ttft_ms": 54.49366051470861,
        "avg_cache_hit_ratio": 0.0,
        "avg_cached_tokens": 0.0,
        "avg_history_tokens": 968.2063492063492
      },
      "7": {
        "n": 80,
        "avg_ttft_ms": 39.83252407415421,
        "p50_ttft_ms": 34.29503695224412,
        "p90_ttft_ms": 54.708057863172144,
        "avg_cache_hit_ratio": 0.0,
        "avg_cached_tokens": 0.0,
        "avg_history_tokens": 1137.55
      }
    }
  }
}