{
  "benchmark": "vllm_sharegpt_replay",
  "dataset": "anon8231489123/ShareGPT_Vicuna_unfiltered",
  "model": "Qwen/Qwen2.5-3B",
  "config": {
    "n_conversations": 500,
    "min_turns": 3,
    "max_turns": 8,
    "max_new_tokens": 128,
    "prefix_caching": true,
    "gpu_memory_utilization": 0.9
  },
  "metrics": {
    "n_conversations": 500,
    "n_turns_total": 2521,
    "overall": {
      "ttft_p50": 3328.1413890072145,
      "ttft_p90": 3349.9413070385344,
      "ttft_p99": 3409.4024124206044,
      "cold_ttft_p50": 3323.10560849146,
      "warm_ttft_p50": 3329.180075030308,
      "warm_vs_cold_speedup": 0.8891323283447147,
      "avg_cache_hit_ratio": 0.7057619228013701,
      "avg_cached_tokens": 368.8948829829433,
      "avg_prompt_tokens": 418.60729869099566,
      "throughput_rps": 0.319
    },
    "by_turn": {
      "0": {
        "n": 500,
        "avg_ttft_ms": 2851.0662728134776,
        "p50_ttft_ms": 3323.10560849146,
        "p90_ttft_ms": 3344.9273975216784,
        "avg_cache_hit_ratio": 0.0,
        "avg_cached_tokens": 0.0,
        "avg_history_tokens": 59.768
      },
      "1": {
        "n": 500,
        "avg_ttft_ms": 3150.7863495002966,
        "p50_ttft_ms": 3326.5608544752467,
        "p90_ttft_ms": 3350.581734214211,
        "avg_cache_hit_ratio": 0.7631898368946831,
        "avg_cached_tokens": 160.224,
        "avg_history_tokens": 210.94
      },
      "2": {
        "n": 500,
        "avg_ttft_ms": 3214.881593248807,
        "p50_ttft_ms": 3327.73569697747,
        "p90_ttft_ms": 3348.922641732497,
        "avg_cache_hit_ratio": 0.88271460770935,
        "avg_cached_tokens": 323.264,
        "avg_history_tokens": 369.836
      },
      "3": {
        "n": 383,
        "avg_ttft_ms": 3232.3810474458637,
        "p50_ttft_ms": 3329.3673600419424,
        "p90_ttft_ms": 3349.3724014027975,
        "avg_cache_hit_ratio": 0.9185296684023421,
        "avg_cached_tokens": 486.09921671018276,
        "avg_history_tokens": 533.1174934725849
      },
      "4": {
        "n": 261,
        "avg_ttft_ms": 3214.937135143878,
        "p50_ttft_ms": 3331.4120089635253,
        "p90_ttft_ms": 3350.896524032578,
        "avg_cache_hit_ratio": 0.937245997735005,
        "avg_cached_tokens": 634.4827586206897,
        "avg_history_tokens": 680.1609195402299
      },
      "5": {
        "n": 171,
        "avg_ttft_ms": 3253.8711220718383,
        "p50_ttft_ms": 3334.901213995181,
        "p90_ttft_ms": 3352.190113044344,
        "avg_cache_hit_ratio": 0.9519401155660141,
        "avg_cached_tokens": 777.2631578947369,
        "avg_history_tokens": 818.1461988304094
      },
      "6": {
        "n": 126,
        "avg_ttft_ms": 3271.4474172371124,
        "p50_ttft_ms": 3337.6965550123714,
        "p90_ttft_ms": 3358.1635179871228,
        "avg_cache_hit_ratio": 0.9554893759932562,
        "avg_cached_tokens": 924.5714285714286,
        "avg_history_tokens": 969.9126984126984
      },
      "7": {
        "n": 80,
        "avg_ttft_ms": 3149.148849563062,
        "p50_ttft_ms": 3339.9772470002063,
        "p90_ttft_ms": 3367.6590761228,
        "avg_cache_hit_ratio": 0.9585261942045646,
        "avg_cached_tokens": 1088.2,
        "avg_history_tokens": 1140.2375
      }
    }
  }
}